id,name,year,category,country
1,Galápagos Islands,1978,Natural,Ecuador
2,City of Quito,1978,Cultural,Ecuador
3,Aachen Cathedral ,1978,Cultural,Germany
4,L’Anse aux Meadows National Historic Site,1978,Cultural,Canada
8,Ichkeul National Park,1980,Natural,Tunisia
9,Simien National Park,1978,Natural,Ethiopia
10,Lower Valley of the Awash,1980,Cultural,Ethiopia
12,Tiya,1980,Cultural,Ethiopia
15,Aksum,1980,Cultural,Ethiopia
17,Lower Valley of the Omo,1980,Cultural,Ethiopia
18,Rock-Hewn Churches - Lalibela,1978,Cultural,Ethiopia
19,Fasil Ghebbi - Gondar Region,1979,Cultural,Ethiopia
20,Ancient City of Damascus,1979,Cultural,Syrian Arab Republic
21,Ancient City of Aleppo,1986,Cultural,Syrian Arab Republic
22,Ancient City of Bosra,1980,Cultural,Syrian Arab Republic
23,Site of Palmyra,1980,Cultural,Syrian Arab Republic
24,Nahanni National Park,1978,Natural,Canada
25,Djoudj National Bird Sanctuary,1981,Natural,Senegal
26,Island of Gorée,1978,Cultural,Senegal
27,Mesa Verde National Park,1978,Cultural,United States of America
28,Yellowstone National Park,1978,Natural,United States of America
29,Historic Centre of Kraków,1978,Cultural,Poland
30,Historic Centre of Warsaw,1980,Cultural,Poland
31,Auschwitz Birkenau German Nazi Concentration and Extermination Camp (1940-1945),1979,Cultural,Poland
32,Wieliczka and Bochnia Royal Salt Mines,1978,Cultural,Poland
34,Forts and Castles - Volta - Greater Accra - Central and Western Regions,1979,Cultural,Ghana
35,Asante Traditional Buildings,1980,Cultural,Ghana
36,Medina of Tunis,1979,Cultural,Tunisia
37,Archaeological Site of Carthage,1979,Cultural,Tunisia
38,Amphitheatre of El Jem,1979,Cultural,Tunisia
39,Ngorongoro Conservation Area,1979,Mixed,United Republic of Tanzania
42,Boyana Church,1979,Cultural,Bulgaria
43,Madara Rider,1979,Cultural,Bulgaria
44,Thracian Tomb of Kazanlak,1979,Cultural,Bulgaria
45,Rock-Hewn Churches of Ivanovo,1979,Cultural,Bulgaria
55,Røros Mining Town and the Circumference,1980,Cultural,Norway
58,Urnes Stave Church,1979,Cultural,Norway
59,Bryggen,1979,Cultural,Norway
63,Virunga National Park,1979,Natural,Democratic Republic of the Congo
64,Tikal National Park,1979,Mixed,Guatemala
65,Antigua Guatemala,1979,Cultural,Guatemala
71,Dinosaur Provincial Park,1979,Natural,Canada
75,Grand Canyon National Park,1979,Natural,United States of America
76,Everglades National Park,1979,Natural,United States of America
78,Independence Hall,1979,Cultural,United States of America
79,Paphos,1980,Cultural,Cyprus
80,Mont-Saint-Michel and its Bay,1979,Cultural,France
81,Chartres Cathedral,1979,Cultural,France
83,Palace and Park of Versailles,1979,Cultural,France
84,Vézelay - Church and Hill,1979,Cultural,France
85,Prehistoric Sites and Decorated Caves of the Vézère Valley,1979,Cultural,France
86,Memphis and its Necropolis – the Pyramid Fields from Giza to Dahshur,1979,Cultural,Egypt
87,Ancient Thebes with its Necropolis,1979,Cultural,Egypt
88,Nubian Monuments from Abu Simbel to Philae,1979,Cultural,Egypt
89,Historic Cairo,1979,Cultural,Egypt
90,Abu Mena,1979,Cultural,Egypt
93,Church and Dominican Convent of Santa Maria delle Grazie with “The Last Supper” by Leonardo da Vinci,1980,Cultural,Italy
94,Rock Drawings in Valcamonica,1979,Cultural,Italy
95,Old City of Dubrovnik,1979,Cultural,Croatia
96,Stari Ras and Sopo?ani,1979,Cultural,Serbia
97,Historical Complex of Split with the Palace of Diocletian,1979,Cultural,Croatia
98,Plitvice Lakes National Park,1979,Natural,Croatia
99,Natural and Cultural Heritage of the Ohrid region,1979,Mixed,the former Yugoslav Republic of Macedonia
100,Durmitor National Park,1980,Natural,Montenegro
102,Al Qal'a of Beni Hammad,1980,Cultural,Algeria
113,Tchogha Zanbil,1979,Cultural,Iran (Islamic Republic of)
114,Persepolis,1979,Cultural,Iran (Islamic Republic of)
115,Meidan Emam - Esfahan,1979,Cultural,Iran (Islamic Republic of)
116,Old Towns of Djenné,1988,Cultural,Mali
119,Timbuktu,1988,Cultural,Mali
120,Sagarmatha National Park,1979,Natural,Nepal
121,Kathmandu Valley ,1979,Cultural,Nepal
124,Historic Town of Ouro Preto,1980,Cultural,Brazil
125,Natural and Culturo-Historical Region of Kotor,1979,Cultural,Montenegro
129,Maya Site of Copan,1980,Cultural,Honduras
130,?al Saflieni Hypogeum,1980,Cultural,Malta
131,City of Valletta,1980,Cultural,Malta
132,Megalithic Temples of Malta,1980,Cultural,Malta
134,Redwood National and State Parks,1980,Natural,United States of America
135,Fortifications on the Caribbean Side of Panama: Portobelo-San Lorenzo,1980,Cultural,Panama
136,Garamba National Park,1980,Natural,Democratic Republic of the Congo
137,Kahuzi-Biega National Park,1980,Natural,Democratic Republic of the Congo
138,Archaeological Ruins at Moenjodaro,1980,Cultural,Pakistan
139,Taxila,1980,Cultural,Pakistan
140,Buddhist Ruins of Takht-i-Bahi and Neighbouring City Remains at Sahr-i-Bahlol,1980,Cultural,Pakistan
143,Historical Monuments at Makli - Thatta,1981,Cultural,Pakistan
144,Ruins of Kilwa Kisiwani and Ruins of Songo Mnara,1981,Cultural,United Republic of Tanzania
145,Los Glaciares National Park,1981,Natural,Argentina
147,Kakadu National Park,1981,Mixed,Australia
148,Old City of Jerusalem and its Walls,1981,Cultural,Jerusalem (Site proposed by Jordan)
149,Archaeological Park and Ruins of Quirigua,1981,Cultural,Guatemala
150,Mammoth Cave National Park,1981,Natural,United States of America
151,Olympic National Park,1981,Natural,United States of America
153,Niokolo-Koba National Park,1981,Natural,Senegal
154,Great Barrier Reef,1981,Natural,Australia
156,Serengeti National Park,1981,Natural,United Republic of Tanzania
157,S<U>G</U>ang Gwaay,1981,Cultural,Canada
158,Head-Smashed-In Buffalo Jump,1981,Cultural,Canada
159,Darien National Park,1981,Natural,Panama
160,Palace and Park of Fontainebleau,1981,Cultural,France
162,Amiens Cathedral,1981,Cultural,France
163,"Roman Theatre and its Surroundings and the ""Triumphal Arch"" of Orange",1981,Cultural,France
164,Arles - Roman and Romanesque Monuments,1981,Cultural,France
165,Cistercian Abbey of Fontenay,1981,Cultural,France
166,Sydney Opera House,2007,Cultural,Australia
167,Willandra Lakes Region,1981,Mixed,Australia
168,Speyer Cathedral,1981,Cultural,Germany
169,Würzburg Residence with the Court Gardens and Residence Square,1981,Cultural,Germany
170,Medina of Fez,1981,Cultural,Morocco
171,Fort and Shalamar Gardens in Lahore,1981,Cultural,Pakistan
173,Stone Town of Zanzibar,2000,Cultural,United Republic of Tanzania
174,Historic Centre of Florence,1982,Cultural,Italy
175,Medici Villas and Gardens in Tuscany,2013,Cultural,Italy
179,Tassili n'Ajjer,1982,Mixed,Algeria
180,National History Park – Citadel - Sans Souci - Ramiers,1982,Cultural,Haiti
181,Tasmanian Wilderness,1982,Mixed,Australia
183,Archaeological Site of Leptis Magna,1982,Cultural,Libya
184,Archaeological Site of Sabratha,1982,Cultural,Libya
185,Aldabra Atoll,1982,Natural,Seychelles
186,Lord Howe Island Group,1982,Natural,Australia
187,St Mary's Cathedral and St Michael's Church at Hildesheim,1985,Cultural,Germany
188,M'Zab Valley,1982,Cultural,Algeria
189,Historic Centre of the Town of Olinda,1982,Cultural,Brazil
190,Archaeological Site of Cyrene,1982,Cultural,Libya
191,Djémila,1982,Cultural,Algeria
192,Old Walled City of Shibam,1982,Cultural,Yemen
193,Tipasa,1982,Cultural,Algeria
194,Timgad,1982,Cultural,Algeria
195,Taï National Park,1982,Natural,Côte d'Ivoire
196,Río Plátano Biosphere Reserve,1982,Natural,Honduras
198,Cahokia Mounds State Historic Site,1982,Cultural,United States of America
199,Selous Game Reserve,1982,Natural,United Republic of Tanzania
200,Sacred City of Anuradhapura,1982,Cultural,Sri Lanka
201,Ancient City of Polonnaruwa,1982,Cultural,Sri Lanka
202,Ancient City of Sigiriya,1982,Cultural,Sri Lanka
203,From the Great Saltworks of Salins-les-Bains to the Royal Saltworks of Arc-et-Senans - the Production of Open-pan Salt ,1982,Cultural,France
204,Old Havana and its Fortification System,1982,Cultural,Cuba
206,Central Zone of the Town of Angra do Heroismo in the Azores,1983,Cultural,Portugal
208,Cultural Landscape and Archaeological Remains of the Bamiyan Valley,2003,Cultural,Afghanistan
211,Minaret and Archaeological Remains of Jam,2002,Cultural,Afghanistan
216,Rila Monastery,1983,Cultural,Bulgaria
217,Ancient City of Nessebar,1983,Cultural,Bulgaria
219,Srebarna Nature Reserve,1983,Natural,Bulgaria
225,Pirin National Park,1983,Natural,Bulgaria
227,Comoé National Park,1983,Natural,Côte d'Ivoire
228,Historic Centre of Avignon: Papal Palace - Episcopal Ensemble and Avignon Bridge,1995,Cultural,France
229,Place Stanislas - Place de la Carrière and Place d'Alliance in Nancy,1983,Cultural,France
230,Abbey Church of Saint-Savin sur Gartempe,1983,Cultural,France
231,Red Fort Complex,2007,Cultural,India
232,Humayun's Tomb - Delhi,1993,Cultural,India
233,Qutb Minar and its Monuments - Delhi,1993,Cultural,India
234,Churches and Convents of Goa,1986,Cultural,India
239,Group of Monuments at Pattadakal,1987,Cultural,India
240,Khajuraho Group of Monuments,1986,Cultural,India
241,Group of Monuments at Hampi,1986,Cultural,India
242,Ajanta Caves,1983,Cultural,India
243,Ellora Caves,1983,Cultural,India
244,Elephanta Caves,1987,Cultural,India
246,Sun Temple - Konârak,1984,Cultural,India
247,Hill Forts of Rajasthan,2013,Cultural,India
249,Group of Monuments at Mahabalipuram,1984,Cultural,India
250,Great Living Chola Temples,1987,Cultural,India
251,Agra Fort,1983,Cultural,India
252,Taj Mahal,1983,Cultural,India
255,Fatehpur Sikri,1986,Cultural,India
256,Wood Buffalo National Park,1983,Natural,Canada
258,Gulf of Porto: Calanche of Piana - Gulf of Girolata - Scandola Reserve,1983,Natural,France
259,Great Smoky Mountains National Park,1983,Natural,United States of America
260,Sangay National Park,1983,Natural,Ecuador
261,Vallée de Mai Nature Reserve,1983,Natural,Seychelles
262,Sanganeb Marine National Park and Dungonab Bay – Mukkawar Island Marine National Park,2016,Natural,Sudan
263,Monastery of the Hieronymites and Tower of Belém in Lisbon,1983,Cultural,Portugal
264,Monastery of Batalha,1983,Cultural,Portugal
265,Convent of Christ in Tomar,1983,Cultural,Portugal
266,La Fortaleza and San Juan National Historic Site in Puerto Rico,1983,Cultural,United States of America
267,Old City of Berne,1983,Cultural,Switzerland
268,Abbey of St Gall,1983,Cultural,Switzerland
269,Benedictine Convent of St John at Müstair,1983,Cultural,Switzerland
271,Pilgrimage Church of Wies,1983,Cultural,Germany
272,Hanseatic City of Lübeck,1987,Cultural,Germany
273,City of Cuzco,1983,Cultural,Peru
274,Historic Sanctuary of Machu Picchu,1983,Mixed,Peru
276,Samarra Archaeological City,2007,Cultural,Iraq
277,Hatra,1985,Cultural,Iraq
280,Salonga National Park,1984,Natural,Democratic Republic of the Congo
284,Chitwan National Park,1984,Natural,Nepal
285,Port - Fortresses and Group of Monuments - Cartagena,1984,Cultural,Colombia
286,Vatican City,1984,Cultural,Holy See
287,Rock-Art Sites of Tadrart Acacus,1985,Cultural,Libya
288,Castles of Augustusburg and Falkenlust at Brühl,1984,Cultural,Germany
289,Lake Malawi National Park,1984,Natural,Malawi
292,Cologne Cathedral,1996,Cultural,Germany
293,Anjar,1984,Cultural,Lebanon
294,Baalbek,1984,Cultural,Lebanon
295,Byblos,1984,Cultural,Lebanon
299,Tyre,1984,Cultural,Lebanon
300,Historic District of Old Québec,1985,Cultural,Canada
302,Mana Pools National Park - Sapi and Chewore Safari Areas,1984,Natural,Zimbabwe
303,Iguazu National Park,1984,Natural,Argentina
304,Canadian Rocky Mountain Parks,1984,Natural,Canada
306,Matobo Hills,2003,Cultural,Zimbabwe
307,Statue of Liberty,1984,Cultural,United States of America
308,Yosemite National Park,1984,Natural,United States of America
309,Historic Centre of Salvador de Bahia,1985,Cultural,Brazil
310,Cave of Altamira and Paleolithic Cave Art of Northern Spain,1985,Cultural,Spain
311,Old Town of Segovia and its Aqueduct,1985,Cultural,Spain
312,Monuments of Oviedo and the Kingdom of the Asturias,1985,Cultural,Spain
313,Historic Centre of Cordoba,1984,Cultural,Spain
314,Alhambra - Generalife and Albayzín - Granada,1984,Cultural,Spain
316,Burgos Cathedral,1984,Cultural,Spain
318,Monastery and Site of the Escurial - Madrid,1984,Cultural,Spain
320,Works of Antoni Gaudí ,1984,Cultural,Spain
321,Historic Mosque City of Bagerhat,1985,Cultural,Bangladesh
322,Ruins of the Buddhist Vihara at Paharpur,1985,Cultural,Bangladesh
323,Royal Palaces of Abomey,1985,Cultural,Benin
326,Petra,1985,Cultural,Jordan
327,Quseir Amra,1985,Cultural,Jordan
330,Chavin (Archaeological Site),1985,Cultural,Peru
331,Medina of Marrakesh,1985,Cultural,Morocco
332,Punic Town of Kerkuane and its Necropolis,1985,Cultural,Tunisia
333,Huascarán National Park,1985,Natural,Peru
334,Sanctuary of Bom Jesus do Congonhas,1985,Cultural,Brazil
335,Nanda Devi and Valley of Flowers National Parks  ,1988,Natural,India
337,Kaziranga National Park,1985,Natural,India
338,Manas Wildlife Sanctuary,1985,Natural,India
340,Keoladeo National Park,1985,Natural,India
344,Pont du Gard (Roman Aqueduct),1985,Cultural,France
345,Historic Fortified City of Carcassonne,1997,Cultural,France
347,Santiago de Compostela (Old Town),1985,Cultural,Spain
348,Old Town of Ávila with its Extra-Muros Churches,1985,Cultural,Spain
351,Painted Churches in the Troodos Region,1985,Cultural,Cyprus
352,Rock Art of Alta,1985,Cultural,Norway
353,Chaco Culture,1987,Cultural,United States of America
355,Iguaçu National Park,1986,Natural,Brazil
356,Historic Areas of Istanbul,1985,Cultural,Turkey
357,Göreme National Park and the Rock Sites of Cappadocia,1985,Mixed,Turkey
358,Great Mosque and Hospital of Divri?i,1985,Cultural,Turkey
359,Thracian Tomb of Sveshtari,1985,Cultural,Bulgaria
361,Historic Centre of Évora,1986,Cultural,Portugal
362,Old Town of Ghadamès,1986,Cultural,Libya
364,Great Zimbabwe National Monument,1986,Cultural,Zimbabwe
365,Khami Ruins National Monument,1986,Cultural,Zimbabwe
366,Chan Chan Archaeological Zone,1986,Cultural,Peru
367,Roman Monuments - Cathedral of St Peter and Church of Our Lady in Trier,1986,Cultural,Germany
368,Gondwana Rainforests of Australia,1986,Natural,Australia
369,Giant's Causeway and Causeway Coast,1986,Natural,United Kingdom of Great Britain and Northern Ireland
370,Durham Castle and Cathedral,1986,Cultural,United Kingdom of Great Britain and Northern Ireland
371,Ironbridge Gorge,1986,Cultural,United Kingdom of Great Britain and Northern Ireland
372,Studley Royal Park including the Ruins of Fountains Abbey,1986,Cultural,United Kingdom of Great Britain and Northern Ireland
373,Stonehenge - Avebury and Associated Sites,1986,Cultural,United Kingdom of Great Britain and Northern Ireland
374,Castles and Town Walls of King Edward in Gwynedd,1986,Cultural,United Kingdom of Great Britain and Northern Ireland
377,Hattusha: the Hittite Capital,1986,Cultural,Turkey
378,Mudejar Architecture of Aragon,1986,Cultural,Spain
379,Historic City of Toledo,1986,Cultural,Spain
380,Garajonay National Park,1986,Natural,Spain
381,Old City of Salamanca,1988,Cultural,Spain
383,Cathedral - Alcázar and Archivo de Indias in Seville,1987,Cultural,Spain
384,Old Town of Cáceres,1986,Cultural,Spain
385,Old City of Sana'a,1986,Cultural,Yemen
387,St Kilda,1986,Mixed,United Kingdom of Great Britain and Northern Ireland
389,Studenica Monastery,1986,Cultural,Serbia
390,Škocjan Caves,1986,Natural,Slovenia
392,Temple of Apollo Epicurius at Bassae,1986,Cultural,Greece
393,Archaeological Site of Delphi,1987,Cultural,Greece
394,Venice and its Lagoon,1987,Cultural,Italy
395,Piazza del Duomo - Pisa,1987,Cultural,Italy
398,Castel del Monte,1996,Cultural,Italy
400,Budapest - including the Banks of the Danube - the Buda Castle Quarter and Andrássy Avenue,1987,Cultural,Hungary
401,Old Village of Hollók? and its Surroundings,1987,Cultural,Hungary
402,Manú National Park,1987,Natural,Peru
403,Kilimanjaro National Park,1987,Natural,United Republic of Tanzania
404,Acropolis - Athens,1987,Cultural,Greece
405,Sinharaja Forest Reserve,1988,Natural,Sri Lanka
407,Dja Faunal Reserve,1987,Natural,Cameroon
409,Hawaii Volcanoes National Park,1987,Natural,United States of America
410,Sian Ka'an,1987,Natural,Mexico
411,Pre-Hispanic City and National Park of Palenque,1987,Cultural,Mexico
412,Historic Centre of Mexico City and Xochimilco,1987,Cultural,Mexico
414,Pre-Hispanic City of Teotihuacan,1987,Cultural,Mexico
415,Historic Centre of Oaxaca and Archaeological Site of Monte Albán,1987,Cultural,Mexico
416,Historic Centre of Puebla,1987,Cultural,Mexico
417,Ibiza - Biodiversity and Culture,1999,Mixed,Spain
419,Gros Morne National Park,1987,Natural,Canada
420,City of Potosí,1987,Cultural,Bolivia (Plurinational State of)
421,Tongariro National Park,1990,Mixed,New Zealand
422,The English Lake District,2017,Cultural,United Kingdom of Great Britain and Northern Ireland
425,Blenheim Palace,1987,Cultural,United Kingdom of Great Britain and Northern Ireland
426,Palace of Westminster and Westminster Abbey including Saint Margaret’s Church,1987,Cultural,United Kingdom of Great Britain and Northern Ireland
428,City of Bath,1987,Cultural,United Kingdom of Great Britain and Northern Ireland
429,New Lanark,2001,Cultural,United Kingdom of Great Britain and Northern Ireland
433,Bahla Fort,1987,Cultural,Oman
434,Archaeological Sites of Bat - Al-Khutm and Al-Ayn,1988,Cultural,Oman
437,Mount Taishan,1987,Mixed,China
438,The Great Wall,1987,Cultural,China
439,Imperial Palaces of the Ming and Qing Dynasties in Beijing and Shenyang,1987,Cultural,China
440,Mogao Caves,1987,Cultural,China
441,Mausoleum of the First Qin Emperor,1987,Cultural,China
442,Monticello and the University of Virginia in Charlottesville,1987,Cultural,United States of America
444,Ksar of Ait-Ben-Haddou,1987,Cultural,Morocco
445,Brasilia,1987,Cultural,Brazil
447,Ulu<U>r</U>u-Kata Tju<U>t</U>a National Park,1987,Mixed,Australia
448,Nemrut Da?,1987,Cultural,Turkey
449,Peking Man Site at Zhoukoudian,1987,Cultural,China
450,Sacred City of Kandy,1988,Cultural,Sri Lanka
451,Old Town of Galle and its Fortifications,1988,Cultural,Sri Lanka
452,Sundarbans National Park,1987,Natural,India
454,Mount Athos,1988,Mixed,Greece
455,Meteora,1988,Mixed,Greece
456,Paleochristian and Byzantine Monuments of Thessalonika,1988,Cultural,Greece
460,Trinidad and the Valley de los Ingenios,1988,Cultural,Cuba
474,Hortobágy National Park - the <i>Puszta</i>,1999,Cultural,Hungary
475,Manovo-Gounda St Floris National Park,1988,Natural,Central African Republic
476,Chongoni Rock-Art Area,2006,Cultural,Malawi
479,Town of Luang Prabang,1995,Cultural,Lao People's Democratic Republic
481,Vat Phou and Associated Ancient Settlements within the Champasak Cultural Landscape,2001,Cultural,Lao People's Democratic Republic
482,Historic Town of Guanajuato and Adjacent Mines,1988,Cultural,Mexico
483,Pre-Hispanic City of Chichen-Itza,1988,Cultural,Mexico
484,Xanthos-Letoon,1988,Cultural,Turkey
485,Hierapolis-Pamukkale,1988,Mixed,Turkey
486,Wet Tropics of Queensland,1988,Natural,Australia
487,Henderson Island,1988,Natural,United Kingdom of Great Britain and Northern Ireland
488,Tower of London,1988,Cultural,United Kingdom of Great Britain and Northern Ireland
491,Sanctuary of Asklepios at Epidaurus,1988,Cultural,Greece
492,Taos Pueblo,1992,Cultural,United States of America
493,Medieval City of Rhodes,1988,Cultural,Greece
494,Tsingy de Bemaraha Strict Nature Reserve,1990,Natural,Madagascar
495,Strasbourg - Grande-Île and <em>Neustadt</em>,1988,Cultural,France
496,Canterbury Cathedral - St Augustine's Abbey - and St Martin's Church,1988,Cultural,United Kingdom of Great Britain and Northern Ireland
498,Medina of Sousse,1988,Cultural,Tunisia
499,Kairouan,1988,Cultural,Tunisia
500,Historic Centre of Lima,1988,Cultural,Peru
502,Historic City of Vigan,1999,Cultural,Philippines
505,Monastery of Alcobaça,1989,Cultural,Portugal
506,Banc d'Arguin National Park,1989,Natural,Mauritania
511,Archaeological Site of Mystras,1989,Cultural,Greece
514,Heart of Neolithic Orkney,1999,Cultural,United Kingdom of Great Britain and Northern Ireland
515,Abbey and Altenmünster of Lorsch,1991,Cultural,Germany
516,Cliff of Bandiagara (Land of the Dogons),1989,Mixed,Mali
517,Archaeological Site of Olympia,1989,Cultural,Greece
518,Poblet Monastery,1991,Cultural,Spain
522,Renaissance Monumental Ensembles of Úbeda and Baeza,2003,Cultural,Spain
524,Buddhist Monuments at Sanchi,1989,Cultural,India
526,Colonial City of Santo Domingo,1990,Cultural,Dominican Republic
527,Kiev: Saint-Sophia Cathedral and Related Monastic Buildings - Kiev-Pechersk Lavra,1990,Cultural,Ukraine
529,Jesuit Missions of the Chiquitos,1990,Cultural,Bolivia (Plurinational State of)
530,Delos,1990,Cultural,Greece
532,Palaces and Parks of Potsdam and Berlin,1990,Cultural,Germany
534,Garden Kingdom of Dessau-Wörlitz,2000,Cultural,Germany
535,Collegiate Church - Castle and Old Town of Quedlinburg,1994,Cultural,Germany
537,Monasteries of Daphni - Hosios Loukas and Nea Moni of Chios,1990,Cultural,Greece
540,Historic Centre of Saint Petersburg and Related Groups of Monuments,1990,Cultural,Russian Federation
541,Vilnius Historic Centre,1994,Cultural,Lithuania
543,Itchan Kala,1990,Cultural,Uzbekistan
544,Kizhi Pogost,1990,Cultural,Russian Federation
545,Kremlin and Red Square - Moscow,1990,Cultural,Russian Federation
546,Maulbronn Monastery Complex,1993,Cultural,Germany
547,Mount Huangshan,1990,Mixed,China
548,Río Abiseo National Park,1990,Mixed,Peru
549,18th-Century Royal Palace at Caserta with the Park - the Aqueduct of Vanvitelli - and the San Leucio Complex,1997,Cultural,Italy
550,Historic Centre of San Gimignano,1990,Cultural,Italy
551,Te Wahipounamu – South West New Zealand,1990,Natural,New Zealand
554,Whale Sanctuary of El Vizcaino,1993,Natural,Mexico
555,Birka and Hovgården,1993,Cultural,Sweden
556,Engelsberg Ironworks,1993,Cultural,Sweden
557,Rock Carvings in Tanum,1994,Cultural,Sweden
558,Skogskyrkogården,1994,Cultural,Sweden
559,Royal Domain of Drottningholm,1991,Cultural,Sweden
560,Archaeological Zone of Paquimé - Casas Grandes,1998,Cultural,Mexico
561,Golden Temple of Dambulla,1991,Cultural,Sri Lanka
564,Old City of Zamo??,1992,Cultural,Poland
565,Kasbah of Algiers,1992,Cultural,Algeria
566,Historic City of Sucre,1991,Cultural,Bolivia (Plurinational State of)
567,Tiwanaku: Spiritual and Political Centre of the Tiwanaku Culture,2000,Cultural,Bolivia (Plurinational State of)
569,Historic Centres of Berat and Gjirokastra ,2005,Cultural,Albania
570,Butrint,1992,Cultural,Albania
573,Air and Ténéré Natural Reserves,1991,Natural,Niger
574,Historic Town of Sukhothai and Associated Historic Towns,1991,Cultural,Thailand
575,Ban Chiang Archaeological Site,1992,Cultural,Thailand
576,Historic City of Ayutthaya,1991,Cultural,Thailand
577,Heard and McDonald Islands,1997,Natural,Australia
578,Shark Bay - Western Australia,1991,Natural,Australia
579,Bronze Age Burial Site of Sammallahdenmäki,1999,Cultural,Finland
582,Old Rauma,1991,Cultural,Finland
583,Fortress of Suomenlinna,1991,Cultural,Finland
584,Petäjävesi Old Church,1994,Cultural,Finland
585,Historic Centre of Morelia,1991,Cultural,Mexico
586,Rohtas Fort,1997,Cultural,Pakistan
588,Danube Delta,1991,Natural,Romania
590,Dong Phayayen-Khao Yai Forest Complex,2005,Natural,Thailand
591,Thungyai-Huai Kha Khaeng Wildlife Sanctuaries,1991,Natural,Thailand
592,Borobudur Temple Compounds,1991,Cultural,Indonesia
593,Sangiran Early Man Site,1996,Cultural,Indonesia
595,Pythagoreion and Heraion of Samos,1992,Cultural,Greece
596,Villages with Fortified Churches in Transylvania,1993,Cultural,Romania
597,Monastery of Horezu,1993,Cultural,Romania
598,Churches of Moldavia,1993,Cultural,Romania
599,Island of Mozambique,1991,Cultural,Mozambique
600,Paris - Banks of the Seine,1991,Cultural,France
601,Cathedral of Notre-Dame - Former Abbey of Saint-Rémi and Palace of Tau - Reims,1991,Cultural,France
602,Historic Centre of Bukhara,1993,Cultural,Uzbekistan
603,Samarkand  – Crossroad of Cultures,2001,Cultural,Uzbekistan
604,Historic Monuments of Novgorod and Surroundings,1992,Cultural,Russian Federation
606,Serra da Capivara National Park,1991,Cultural,Brazil
608,Ujung Kulon National Park,1991,Natural,Indonesia
609,Komodo National Park,1991,Natural,Indonesia
611,Historic Town of Zabid,1993,Cultural,Yemen
613,Ruins of León Viejo,2000,Cultural,Nicaragua
614,City of Safranbolu,1994,Cultural,Turkey
616,Historic Centre of Prague,1992,Cultural,Czechia
617,Historic Centre of ?eský Krumlov,1992,Cultural,Czechia
618,Historic Town of Banská Štiavnica and the Technical Monuments in its Vicinity,1993,Cultural,Slovakia
620,Levo?a - Spišský Hrad and the Associated Cultural Monuments,1993,Cultural,Slovakia
621,Historic Centre of Tel?,1992,Cultural,Czechia
622,Vlkolínec,1993,Cultural,Slovakia
623,Mines of Rammelsberg - Historic Town of Goslar and Upper Harz Water Management  System,1992,Cultural,Germany
624,Town of Bamberg,1993,Cultural,Germany
625,Mir Castle Complex,2000,Cultural,Belarus
629,Macquarie Island,1997,Natural,Australia
630,Fraser Island,1992,Natural,Australia
631,El Tajin - Pre-Hispanic City,1992,Cultural,Mexico
632,Cultural and Historic Ensemble of the Solovetsky Islands,1992,Cultural,Russian Federation
633,White Monuments of Vladimir and Suzdal,1992,Cultural,Russian Federation
634,Church of the Ascension - Kolomenskoye,1994,Cultural,Russian Federation
635,Bourges Cathedral,1992,Cultural,France
637,Jiuzhaigou Valley Scenic and Historic Interest Area,1992,Natural,China
638,Huanglong Scenic and Historic Interest Area,1992,Natural,China
640,Wulingyuan Scenic and Historic Interest Area,1992,Natural,China
642,Prambanan Temple Compounds,1991,Cultural,Indonesia
648,Jesuit Missions of La Santísima Trinidad de Paraná and Jesús de Tavarangue,1993,Cultural,Paraguay
652,Puerto-Princesa Subterranean River National Park,1999,Natural,Philippines
653,Tubbataha Reefs Natural Park,1993,Natural,Philippines
657,Architectural Ensemble of the Trinity Sergius Lavra in Sergiev Posad,1993,Cultural,Russian Federation
658,Coro and its Port,1993,Cultural,Venezuela (Bolivarian Republic of)
659,Brú na Bóinne - Archaeological Ensemble of the Bend of the Boyne,1993,Cultural,Ireland
660,Buddhist Monuments in the Horyu-ji Area,1993,Cultural,Japan
661,Himeji-jo,1993,Cultural,Japan
662,Yakushima,1993,Natural,Japan
663,Shirakami-Sanchi,1993,Natural,Japan
664,Archaeological Ensemble of Mérida,1993,Cultural,Spain
665,Royal Monastery of Santa María de Guadalupe,1993,Cultural,Spain
666,Lumbini - the Birthplace of the Lord Buddha,1997,Cultural,Nepal
668,Angkor,1992,Cultural,Cambodia
669,Routes of Santiago de Compostela: <i>Camino Francés</i> and Routes of Northern Spain ,1993,Cultural,Spain
670,The Sassi and the Park of the Rupestrian Churches of Matera,1993,Cultural,Italy
672,Ha Long Bay,1994,Natural,Viet Nam
675,Joya de Cerén Archaeological Site,1993,Cultural,El Salvador
676,Historic Centre of Zacatecas,1993,Cultural,Mexico
677,Baroque Churches of the Philippines,1993,Cultural,Philippines
678,Complex of Hué Monuments,1993,Cultural,Viet Nam
682,Bwindi Impenetrable National Park,1994,Natural,Uganda
684,Rwenzori Mountains National Park,1994,Natural,Uganda
685,Doñana National Park,1994,Natural,Spain
686,Miguasha National Park,1999,Natural,Canada
687,Völklingen Ironworks,1994,Cultural,Germany
688,Historic Monuments of Ancient Kyoto (Kyoto - Uji and Otsu Cities),1994,Cultural,Japan
690,Pilgrimage Church of St John of Nepomuk at Zelená Hora,1994,Cultural,Czechia
695,Roskilde Cathedral,1995,Cultural,Denmark
696,Kronborg Castle,2000,Cultural,Denmark
697,Jelling Mounds - Runic Stones and Church,1994,Cultural,Denmark
698,Australian Fossil Mammal Sites (Riversleigh / Naracoorte),1994,Natural,Australia
699,City of Luxembourg: its Old Quarters and Fortifications,1994,Cultural,Luxembourg
700,Lines and Geoglyphs of Nasca and Palpa,1994,Cultural,Peru
701,Canaima National Park,1994,Natural,Venezuela (Bolivarian Republic of)
702,Earliest 16th-Century Monasteries on the Slopes of Popocatepetl,1994,Cultural,Mexico
703,Mountain Resort and its Outlying Temples - Chengde,1994,Cultural,China
704,Temple and Cemetery of Confucius and the Kong Family Mansion in Qufu,1994,Cultural,China
705,Ancient Building Complex in the Wudang Mountains,1994,Cultural,China
707,Historic Ensemble of the Potala Palace - Lhasa,1994,Cultural,China
708,Historical Monuments of Mtskheta,1994,Cultural,Georgia
709,Upper Svaneti,1996,Cultural,Georgia
710,Gelati Monastery,1994,Cultural,Georgia
711,Los Katíos National Park,1994,Natural,Colombia
712,City of Vicenza and the Palladian Villas of the Veneto,1994,Cultural,Italy
714,Rock Paintings of the Sierra de San Francisco,1993,Cultural,Mexico
715,Rapa Nui National Park,1995,Cultural,Chile
717,Historic Centre of Siena,1995,Cultural,Italy
718,Okapi Wildlife Reserve,1996,Natural,Democratic Republic of the Congo
719,Virgin Komi Forests,1995,Natural,Russian Federation
720,Messel Pit Fossil Site,1995,Natural,Germany
721,Carlsbad Caverns National Park,1995,Natural,United States of America
722,Rice Terraces of the Philippine Cordilleras,1995,Cultural,Philippines
723,Cultural Landscape of Sintra,1995,Cultural,Portugal
724,Medieval Monuments in Kosovo,2004,Cultural,Serbia
726,Historic Centre of Naples,1995,Cultural,Italy
728,Old and New Towns of Edinburgh,1995,Cultural,United Kingdom of Great Britain and Northern Ireland
729,Bauhaus and its Sites in Weimar - Dessau and Bernau,1996,Cultural,Germany
730,Crespi d'Adda,1995,Cultural,Italy
731,Hanseatic Town of Visby,1995,Cultural,Sweden
732,Kutná Hora: Historical Town Centre with the Church of St Barbara and the Cathedral of Our Lady at Sedlec,1995,Cultural,Czechia
733,Ferrara - City of the Renaissance - and its Po Delta,1995,Cultural,Italy
734,Historic Villages of Shirakawa-go and Gokayama,1995,Cultural,Japan
736,Seokguram Grotto and Bulguksa Temple,1995,Cultural,Republic of Korea
737,Haeinsa Temple Janggyeong Panjeon - the Depositories for the Tripitaka Koreana Woodblocks,1995,Cultural,Republic of Korea
738,Jongmyo Shrine,1995,Cultural,Republic of Korea
739,Schokland and Surroundings,1995,Cultural,Netherlands
740,Gough and Inaccessible Islands,1995,Natural,United Kingdom of Great Britain and Northern Ireland
741,Old Town Lunenburg,1995,Cultural,Canada
742,Historic Centre of Santa Cruz de Mompox,1995,Cultural,Colombia
743,National Archeological Park of Tierradentro,1995,Cultural,Colombia
744,San Agustín Archaeological Park,1995,Cultural,Colombia
747,Historic Quarter of the City of Colonia del Sacramento,1995,Cultural,Uruguay
750,Ancient <I>Ksour</I> of Ouadane - Chinguetti - Tichitt and Oualata,1996,Cultural,Mauritania
751,Verla Groundwood and Board Mill,1996,Cultural,Finland
753,Medina of Essaouira (formerly Mogador),2001,Cultural,Morocco
754,Lake Baikal,1996,Natural,Russian Federation
755,Historic Centre of Oporto - Luiz I Bridge and Monastery of Serra do Pilar ,1996,Cultural,Portugal
757,Sceilg Mhichíl,1996,Cultural,Ireland
758,Millenary Benedictine Abbey of Pannonhalma and its Natural Environment,1996,Cultural,Hungary
759,Defence Line of Amsterdam,1996,Cultural,Netherlands
761,Kunta Kinteh Island and Related Sites,2003,Cultural,Gambia (the)
762,Church Town of Gammelstad - Luleå ,1996,Cultural,Sweden
763,Lednice-Valtice Cultural Landscape,1996,Cultural,Czechia
764,Belize Barrier Reef Reserve System,1996,Natural,Belize
765,Volcanoes of Kamchatka,1996,Natural,Russian Federation
766,Central Sikhote-Alin,2001,Natural,Russian Federation
768,Golden Mountains of Altai,1998,Natural,Russian Federation
770,Canal du Midi,1996,Cultural,France
774,Laponian Area,1996,Mixed,Sweden
775,Hiroshima Peace Memorial (Genbaku Dome),1996,Cultural,Japan
776,Itsukushima Shinto Shrine,1996,Cultural,Japan
777,Monasteries of Haghpat and Sanahin,1996,Cultural,Armenia
778,Lushan National Park,1996,Cultural,China
779,Mount Emei Scenic Area - including Leshan Giant Buddha Scenic Area,1996,Mixed,China
780,Archaeological Site of Aigai (modern name Vergina),1996,Cultural,Greece
781,Historic Walled Town of Cuenca,1996,Cultural,Spain
782,La Lonja de la Seda de Valencia,1996,Cultural,Spain
783,Luther Memorials in Eisleben and Wittenberg,1996,Cultural,Germany
784,Historic Centre of the City of Salzburg,1996,Cultural,Austria
785,Semmering Railway,1998,Cultural,Austria
786,Palace and Gardens of Schönbrunn,1996,Cultural,Austria
787,The <I>Trulli</I> of Alberobello,1996,Cultural,Italy
788,Early Christian Monuments of Ravenna,1996,Cultural,Italy
789,Historic Centre of the City of Pienza,1996,Cultural,Italy
790,Archaeological Site of Panamá Viejo and Historic District of Panamá,1997,Cultural,Panama
791,Pre-Hispanic Town of Uxmal,1996,Cultural,Mexico
792,Historic Monuments Zone of Querétaro,1996,Cultural,Mexico
793,Historic City of Meknes,1996,Cultural,Morocco
794,Dougga / Thugga,1997,Cultural,Tunisia
795,Maritime Greenwich,1997,Cultural,United Kingdom of Great Britain and Northern Ireland
797,City of Verona,2000,Cultural,Italy
798,The Sundarbans,1997,Natural,Bangladesh
800,Mount Kenya National Park/Natural Forest,1997,Natural,Kenya
801,Lake Turkana National Parks,1997,Natural,Kenya
803,Las Médulas,1997,Cultural,Spain
804,Palau de la Música Catalana and Hospital de Sant Pau - Barcelona,1997,Cultural,Spain
805,San Millán Yuso and Suso Monasteries,1997,Cultural,Spain
806,Hallstatt-Dachstein / Salzkammergut Cultural Landscape,1997,Cultural,Austria
809,Episcopal Complex of the Euphrasian Basilica in the Historic Centre of Pore?,1997,Cultural,Croatia
810,Historic City of Trogir,1997,Cultural,Croatia
811,Old Town of Lijiang,1997,Cultural,China
812,Ancient City of Ping Yao,1997,Cultural,China
813,Classical Gardens of Suzhou,1997,Cultural,China
814,Morne Trois Pitons National Park,1997,Natural,Dominica
815,Hospicio Cabañas - Guadalajara,1997,Cultural,Mexico
816,Changdeokgung Palace Complex,1997,Cultural,Republic of Korea
817,Hwaseong Fortress,1997,Cultural,Republic of Korea
818,Mill Network at Kinderdijk-Elshout,1997,Cultural,Netherlands
819,Historic Area of Willemstad - Inner City and Harbour - Curaçao,1997,Cultural,Netherlands
820,Cocos Island National Park,1997,Natural,Costa Rica
821,Historic Centre of São Luís,1997,Cultural,Brazil
822,Historic Centre (Old Town) of Tallinn,1997,Cultural,Estonia
823,Residences of the Royal House of Savoy,1997,Cultural,Italy
824,Botanical Garden (Orto Botanico) - Padua,1997,Cultural,Italy
825,Archaeological Area and the Patriarchal Basilica of Aquileia,1998,Cultural,Italy
826,Portovenere - Cinque Terre - and the Islands (Palmaria - Tino and Tinetto),1997,Cultural,Italy
827,Cathedral - Torre Civica and Piazza Grande - Modena,1997,Cultural,Italy
828,Historic Centre of Urbino,1998,Cultural,Italy
829,Archaeological Areas of Pompei - Herculaneum and Torre Annunziata,1997,Cultural,Italy
830,Costiera Amalfitana,1997,Cultural,Italy
831,Archaeological Area of Agrigento,1997,Cultural,Italy
832,Villa Romana del Casale,1997,Cultural,Italy
833,Su Nuraxi di Barumini,1997,Cultural,Italy
835,Medieval Town of Toru?,1997,Cultural,Poland
836,Archaeological Site of Volubilis,1997,Cultural,Morocco
837,Medina of Tétouan (formerly known as Titawin),1997,Cultural,Morocco
839,Alejandro de Humboldt National Park,2001,Natural,Cuba
840,Viñales Valley,1999,Cultural,Cuba
841,San Pedro de la Roca Castle - Santiago de Cuba,1997,Cultural,Cuba
842,Cilento and Vallo di Diano National Park with the Archeological Sites of Paestum and Velia - and the Certosa di Padula,1998,Cultural,Italy
846,Classical Weimar,1998,Cultural,Germany
847,Castle of the Teutonic Order in Malbork,1997,Cultural,Poland
848,Choirokoitia,1998,Cultural,Cyprus
849,Archaeological Site of Troy,1998,Cultural,Turkey
850,Ouadi Qadisha (the Holy Valley) and the Forest of the Cedars of God (Horsh Arz el-Rab),1998,Cultural,Lebanon
852,Historic Centre of Riga,1997,Cultural,Latvia
853,Early Christian Necropolis of Pécs (Sopianae),2000,Cultural,Hungary
854,East Rennell,1998,Natural,Solomon Islands
855,Flemish Béguinages,1998,Cultural,Belgium
856,The Four Lifts on the Canal du Centre and their Environs - La Louvière and Le Roeulx (Hainaut),1998,Cultural,Belgium
857,La Grand-Place - Brussels,1998,Cultural,Belgium
859,Holy Trinity Column in Olomouc,2000,Cultural,Czechia
860,Gardens and Castle at Krom??íž,1998,Cultural,Czechia
861,Holašovice Historic Village,1998,Cultural,Czechia
862,Historic Monuments Zone of Tlacotalpan,1998,Cultural,Mexico
863,Historic Centre of Santa Ana de los Ríos de Cuenca,1999,Cultural,Ecuador
865,L'viv – the Ensemble of the Historic Centre,1998,Cultural,Ukraine
867,Ir.D.F. Woudagemaal (D.F. Wouda Steam Pumping Station),1998,Cultural,Netherlands
868,Routes of Santiago de Compostela in France,1998,Cultural,France
870,Historic Monuments of Ancient Nara,1998,Cultural,Japan
871,Naval Port of Karlskrona,1998,Cultural,Sweden
872,Historic Site of Lyon,1998,Cultural,France
873,Provins - Town of Medieval Fairs,2001,Cultural,France
874,Rock Art of the Mediterranean Basin on the Iberian Peninsula,1998,Cultural,Spain
875,Archaeological Ensemble of Tárraco,2000,Cultural,Spain
876,University and Historic Precinct of Alcalá de Henares,1998,Cultural,Spain
877,New Zealand Sub-Antarctic Islands,1998,Natural,New Zealand
880,Summer Palace - an Imperial Garden in Beijing,1998,Cultural,China
881,Temple of Heaven: an Imperial Sacrificial Altar in Beijing,1998,Cultural,China
883,Fuerte de Samaipata,1998,Cultural,Bolivia (Plurinational State of)
884,Three Castles - Defensive Wall and Ramparts of the Market-Town of Bellinzona,2000,Cultural,Switzerland
885,Historic Centre of Shakhrisyabz,2000,Cultural,Uzbekistan
886,State Historical and Cultural Park “Ancient Merv”,1999,Cultural,Turkmenistan
887,Kuk Early Agricultural Site,2008,Cultural,Papua New Guinea
889,Desembarco del Granma National Park,1999,Natural,Cuba
890,Historic Centre of the Town of Diamantina,1999,Cultural,Brazil
892,Discovery Coast Atlantic Forest Reserves,1999,Natural,Brazil
893,Atlantic Forest South-East Reserves,1999,Natural,Brazil
895,Historic Fortified Town of Campeche,1999,Cultural,Mexico
896,Museumsinsel (Museum Island) - Berlin,1999,Cultural,Germany
897,Wartburg Castle,1999,Cultural,Germany
899,Droogmakerij de Beemster (Beemster Polder),1999,Cultural,Netherlands
900,Western Caucasus,1999,Natural,Russian Federation
901,Litomyšl Castle,1999,Cultural,Czechia
902,Historic Centre of Sighi?oara,1999,Cultural,Romania
904,Wooden Churches of Maramure?,1999,Cultural,Romania
905,Kalwaria Zebrzydowska: the Mannerist Architectural and Park Landscape Complex and Pilgrimage Park,1999,Cultural,Poland
906,Dacian Fortresses of the Orastie Mountains,1999,Cultural,Romania
907,Villa Adriana (Tivoli),1999,Cultural,Italy
908,Isole Eolie (Aeolian Islands),2000,Natural,Italy
910,Brimstone Hill Fortress National Park,1999,Cultural,Saint Kitts and Nevis
911,Mount Wuyi,1999,Mixed,China
912,Dazu Rock Carvings,1999,Cultural,China
913,Shrines and Temples of Nikko,1999,Cultural,Japan
914,iSimangaliso Wetland Park,1999,Natural,South Africa
915,Fossil Hominid Sites of South Africa,1999,Cultural,South Africa
916,Robben Island,1999,Cultural,South Africa
917,Greater Blue Mountains Area,2000,Natural,Australia
922,Rani-ki-Vav (the Queen’s Stepwell) at Patan - Gujarat,2014,Cultural,India
925,Rock Shelters of Bhimbetka,2003,Cultural,India
928,Area de Conservación Guanacaste,1999,Natural,Costa Rica
929,San Cristóbal de La Laguna,1999,Cultural,Spain
930,Palmeral of Elche,2000,Cultural,Spain
931,City of Graz – Historic Centre and Schloss Eggenberg,1999,Cultural,Austria
932,Jurisdiction of Saint-Emilion,1999,Cultural,France
933,The Loire Valley between Sully-sur-Loire and Chalonnes,2000,Cultural,France
934,Laurisilva of Madeira,1999,Natural,Portugal
936,Cueva de las Manos - Río Pinturas,1999,Cultural,Argentina
937,Península Valdés,1999,Natural,Argentina
938,Sukur Cultural Landscape,1999,Cultural,Nigeria
939,Archaeological Monuments Zone of Xochicalco,1999,Cultural,Mexico
940,Historic Inner City of Paramaribo,2002,Cultural,Suriname
941,Archaeological Sites of Mycenae and Tiryns,1999,Cultural,Greece
942,The Historic Centre (Chorá) with the Monastery of Saint-John the Theologian and the Cave of the Apocalypse on the Island of Pátmos,1999,Cultural,Greece
944,Mountain Railways of India,1999,Cultural,India
945,Chhatrapati Shivaji Terminus (formerly Victoria Terminus),2004,Cultural,India
946,Old Bridge Area of the Old City of Mostar,2005,Cultural,Bosnia and Herzegovina
948,Hoi An Ancient Town,1999,Cultural,Viet Nam
949,My Son Sanctuary,1999,Cultural,Viet Nam
950,Royal Hill of Ambohimanga,2001,Cultural,Madagascar
951,Phong Nha-Ke Bang National Park,2003,Natural,Viet Nam
954,Saint Catherine Area,2002,Cultural,Egypt
955,Lorentz National Park,1999,Natural,Indonesia
956,Island of Saint-Louis,2000,Cultural,Senegal
958,Walled City of Baku with the Shirvanshah's Palace and Maiden Tower,2000,Cultural,Azerbaijan
959,Historic Quarter of the Seaport City of Valparaíso,2003,Cultural,Chile
960,Monastery of Geghard and the Upper Azat Valley,2000,Cultural,Armenia
963,The Cathedral of St James in Šibenik,2000,Cultural,Croatia
965,Rietveld Schröderhuis (Rietveld Schröder House),2000,Cultural,Netherlands
966,Ischigualasto / Talampaya Natural Parks,2000,Natural,Argentina
967,Noel Kempff Mercado National Park,2000,Natural,Bolivia (Plurinational State of)
968,Agricultural Landscape of Southern Öland,2000,Cultural,Sweden
970,Wachau Cultural Landscape,2000,Cultural,Austria
971,Churches of Chiloé,2000,Cultural,Chile
972,Gusuku Sites and Related Properties of the Kingdom of Ryukyu,2000,Cultural,Japan
973,Bardejov Town Conservation Reserve,2000,Cultural,Slovakia
974,Monastic Island of Reichenau,2000,Cultural,Germany
975,Zollverein Coal Mine Industrial Complex in Essen,2001,Cultural,Germany
976,Gyeongju Historic Areas,2000,Cultural,Republic of Korea
977,Gochang - Hwasun and Ganghwa Dolmen Sites,2000,Cultural,Republic of Korea
978,Old Town of Corfu,2007,Cultural,Greece
980,Historic and Architectural Complex of the Kazan Kremlin,2000,Cultural,Russian Federation
981,Bolgar Historical and Archaeological Complex,2014,Cultural,Russian Federation
982,Ensemble of the Ferapontov Monastery,2000,Cultural,Russian Federation
983,Historic Town of St George and Related Fortifications - Bermuda,2000,Cultural,United Kingdom of Great Britain and Northern Ireland
984,Blaenavon Industrial Landscape,2000,Cultural,United Kingdom of Great Britain and Northern Ireland
986,Ciudad Universitaria de Caracas,2000,Cultural,Venezuela (Bolivarian Republic of)
987,Roman Walls of Lugo,2000,Cultural,Spain
988,Catalan Romanesque Churches of the Vall de Boí,2000,Cultural,Spain
989,Archaeological Site of Atapuerca,2000,Cultural,Spain
990,Assisi - the Basilica of San Francesco and Other Franciscan Sites,2000,Cultural,Italy
993,Historic Centre of the Town of Goiás,2001,Cultural,Brazil
995,Jesuit Block and Estancias of Córdoba,2000,Cultural,Argentina
996,Historic Centre of Brugge,2000,Cultural,Belgium
998,Central Amazon Conservation Complex,2000,Natural,Brazil
999,Pantanal Conservation Area,2000,Natural,Brazil
1000,Brazilian Atlantic Islands: Fernando de Noronha and Atol das Rocas Reserves,2001,Natural,Brazil
1001,Mount Qingcheng and the Dujiangyan Irrigation System,2000,Cultural,China
1002,Ancient Villages in Southern Anhui – Xidi and Hongcun,2000,Cultural,China
1003,Longmen Grottoes,2000,Cultural,China
1004,Imperial Tombs of the Ming and Qing Dynasties,2000,Cultural,China
1005,Major Town Houses of the Architect Victor Horta (Brussels),2000,Cultural,Belgium
1006,Neolithic Flint Mines at Spiennes (Mons),2000,Cultural,Belgium
1007,Cape Floral Region Protected Areas,2004,Natural,South Africa
1008,Archaeological Landscape of the First Coffee Plantations in the South-East of Cuba,2000,Cultural,Cuba
1009,Notre-Dame Cathedral in Tournai,2000,Cultural,Belgium
1010,Land of Frankincense,2000,Cultural,Oman
1011,Cathedral and Churches of Echmiatsin and the Archaeological Site of Zvartnots,2000,Cultural,Armenia
1012,Kinabalu Park,2000,Natural,Malaysia
1013,Gunung Mulu National Park,2000,Natural,Malaysia
1016,Historical Centre of the City of Arequipa,2000,Cultural,Peru
1017,Central Suriname Nature Reserve,2000,Natural,Suriname
1018,Ephesus,2015,Cultural,Turkey
1021,Tsodilo,2001,Cultural,Botswana
1022,Tombs of Buganda Kings at Kasubi,2001,Cultural,Uganda
1023,Natural System of Wrangel Island Reserve,2004,Natural,Russian Federation
1024,Late Baroque Towns of the Val di Noto (South-Eastern Sicily),2002,Cultural,Italy
1025,Villa d'Este - Tivoli,2001,Cultural,Italy
1026,Val d'Orcia,2004,Cultural,Italy
1027,Mining Area of the Great Copper Mountain in Falun,2001,Cultural,Sweden
1028,Saltaire,2001,Cultural,United Kingdom of Great Britain and Northern Ireland
1029,Dorset and East Devon Coast,2001,Natural,United Kingdom of Great Britain and Northern Ireland
1030,Derwent Valley Mills,2001,Cultural,United Kingdom of Great Britain and Northern Ireland
1031,Historic Centre of Guimarães,2001,Cultural,Portugal
1033,Historic Centre of Vienna,2001,Cultural,Austria
1035,Cerrado Protected Areas: Chapada dos Veadeiros and Emas National Parks,2001,Natural,Brazil
1037,Swiss Alps Jungfrau-Aletsch,2001,Natural,Switzerland
1039,Yungang Grottoes,2001,Cultural,China
1040,Masada,2001,Cultural,Israel
1042,Old City of Acre,2001,Cultural,Israel
1044,Aranjuez Cultural Landscape,2001,Cultural,Spain
1046,Alto Douro Wine Region,2001,Cultural,Portugal
1052,Tugendhat Villa in Brno,2001,Cultural,Czechia
1053,Wooden Churches of Southern Ma?opolska,2003,Cultural,Poland
1054,Churches of Peace in Jawor and ?widnica,2001,Cultural,Poland
1055,Lamu Old Town,2001,Cultural,Kenya
1056,Mahabodhi Temple Complex at Bodh Gaya,2002,Cultural,India
1058,Portuguese City of Mazagan (El Jadida),2004,Cultural,Morocco
1060,Kenya Lake System in the Great Rift Valley,2011,Natural,Kenya
1061,Ancient Maya City and Protected Tropical Forests of Calakmul - Campeche,2002,Mixed,Mexico
1063,Tokaj Wine Region Historic Cultural Landscape,2002,Cultural,Hungary
1066,Upper Middle Rhine Valley,2002,Cultural,Germany
1067,Historic Centres of Stralsund and Wismar,2002,Cultural,Germany
1068,<I>Sacri Monti</I> of Piedmont and Lombardy,2003,Cultural,Italy
1070,Citadel - Ancient City and Fortress Buildings of Derbent,2003,Cultural,Russian Federation
1073,Gebel Barkal and the Sites of the Napatan Region,2003,Cultural,Sudan
1076,Gobustan Rock Art Cultural Landscape,2007,Cultural,Azerbaijan
1077,Takht-e Soleyman,2003,Cultural,Iran (Islamic Republic of)
1078,Jewish Quarter and St Procopius' Basilica in T?ebí?,2003,Cultural,Czechia
1079,Franciscan Missions in the Sierra Gorda of Querétaro,2003,Cultural,Mexico
1081,Orkhon Valley Cultural Landscape,2004,Cultural,Mongolia
1083,Three Parallel Rivers of Yunnan Protected Areas,2003,Natural,China
1084,Royal Botanic Gardens - Kew,2003,Cultural,United Kingdom of Great Britain and Northern Ireland
1087,Town Hall and Roland on the Marketplace of Bremen,2004,Cultural,Germany
1091,Complex of Koguryo Tombs,2004,Cultural,Democratic People's Republic of Korea
1093,Um er-Rasas (Kastrom Mefa'a),2004,Cultural,Jordan
1094,Purnululu National Park,2003,Natural,Australia
1096,White City of Tel-Aviv -- the Modern Movement,2003,Cultural,Israel
1097,Ensemble of the Novodevichy Convent,2004,Cultural,Russian Federation
1099,Mapungubwe Cultural Landscape,2003,Cultural,South Africa
1100,Rio de Janeiro: Carioca Landscapes between the Mountain and the Sea,2012,Cultural,Brazil
1101,Champaner-Pavagadh Archaeological Park,2004,Cultural,India
1102,Saryarka – Steppe and Lakes of Northern Kazakhstan,2008,Natural,Kazakhstan
1103,Mausoleum of Khoja Ahmed Yasawi,2003,Cultural,Kazakhstan
1106,Pasargadae,2004,Cultural,Iran (Islamic Republic of)
1107,Incense Route - Desert Cities in the Negev,2005,Cultural,Israel
1108,Biblical Tels - Megiddo - Hazor - Beer Sheba,2005,Cultural,Israel
1110,Historic Centre of Macao,2005,Cultural,China
1111,Cultural Landscape of Honghe Hani Rice Terraces ,2013,Cultural,China
1112,Kaiping Diaolou and Villages,2007,Cultural,China
1113,Fujian <em>Tulou</em>,2008,Cultural,China
1114,Yin Xu,2006,Cultural,China
1115,Lagoons of New Caledonia: Reef Diversity and Associated Ecosystems,2008,Natural,France
1116,Quebrada de Humahuaca,2003,Cultural,Argentina
1117,Landscape of the Pico Island Vineyard Culture,2004,Cultural,Portugal
1118,Osun-Osogbo Sacred Grove,2005,Cultural,Nigeria
1121,Coffee Cultural Landscape of Colombia,2011,Cultural,Colombia
1130,Ashur (Qal'at Sherqat),2003,Cultural,Iraq
1131,Royal Exhibition Building and Carlton Gardens,2004,Cultural,Australia
1134,Grimeton Radio Station - Varberg,2004,Cultural,Sweden
1135,Capital Cities and Tombs of the Ancient Koguryo Kingdom,2004,Cultural,China
1136,Luis Barragán House and Studio,2004,Cultural,Mexico
1137,Kernav?  Archaeological Site (Cultural Reserve of Kernav?),2004,Cultural,Lithuania
1138,Coiba National Park and its Special Zone of Marine Protection,2005,Natural,Panama
1139,Tomb of Askia,2004,Cultural,Mali
1140,Koutammakou - the Land of the Batammariba,2004,Cultural,Togo
1141,Proto-urban Site of Sarazm,2010,Cultural,Tajikistan
1142,Sacred Sites and Pilgrimage Routes in the Kii Mountain Range,2004,Cultural,Japan
1143,Vegaøyan – The Vega Archipelago,2004,Cultural,Norway
1145,Petroglyphs within the Archaeological Landscape of Tamgaly,2004,Cultural,Kazakhstan
1147,Ecosystem and Relict Cultural Landscape of Lopé-Okanda,2007,Mixed,Gabon
1149,Ilulissat Icefjord,2004,Natural,Denmark
1150,Liverpool – Maritime Mercantile City,2004,Cultural,United Kingdom of Great Britain and Northern Ireland
1152,Þingvellir National Park,2004,Cultural,Iceland
1153,The Causses and the Cévennes - Mediterranean agro-pastoral Cultural Landscape,2011,Cultural,France
1155,Old town of Regensburg with Stadtamhof,2006,Cultural,Germany
1158,Etruscan Necropolises of Cerveteri and Tarquinia,2004,Cultural,Italy
1160,Madriu-Perafita-Claror Valley,2004,Cultural,Andorra
1161,Pitons Management Area,2004,Natural,Saint Lucia
1162,Vredefort Dome,2005,Natural,South Africa
1165,Centennial Hall in Wroc?aw,2006,Cultural,Poland
1167,Tropical Rainforest Heritage of Sumatra,2004,Natural,Indonesia
1170,Historical Centre of the City of Yaroslavl,2005,Cultural,Russian Federation
1178,Humberstone and Santa Laura Saltpeter Works,2005,Cultural,Chile
1179,Swiss Tectonic Arena Sardona,2008,Natural,Switzerland
1181,Le Havre - the City Rebuilt by Auguste Perret,2005,Cultural,France
1182,Islands and Protected Areas of the Gulf of California,2005,Natural,Mexico
1183,Kondoa Rock-Art Sites,2006,Cultural,United Republic of Tanzania
1185,Plantin-Moretus House-Workshops-Museum Complex,2005,Cultural,Belgium
1186,Wadi Al-Hitan (Whale Valley),2005,Natural,Egypt
1188,Soltaniyeh,2005,Cultural,Iran (Islamic Republic of)
1189,Harar Jugol - the Fortified Historic Town,2006,Cultural,Ethiopia
1192,Qal’at al-Bahrain – Ancient Harbour and Capital of Dilmun,2005,Cultural,Bahrain
1193,Shiretoko,2005,Natural,Japan
1194,Cultural Landscape of Bali Province: the <em>Subak</em> System as a Manifestation of the <em>Tri Hita Karana</em> Philosophy,2012,Cultural,Indonesia
1195,West Norwegian Fjords – Geirangerfjord and Nærøyfjord,2005,Natural,Norway
1196,Architectural - Residential and Cultural Complex of the Radziwill Family at Nesvizh,2005,Cultural,Belarus
1199,Kunya-Urgench,2005,Cultural,Turkmenistan
1200,Syracuse and the Rocky Necropolis of Pantalica,2005,Cultural,Italy
1202,Urban Historic Centre of Cienfuegos ,2005,Cultural,Cuba
1203,Central Highlands of Sri Lanka,2010,Natural,Sri Lanka
1207,<i>Aflaj</i> Irrigation Systems of Oman,2006,Cultural,Oman
1208,Bam and its Cultural Landscape,2004,Cultural,Iran (Islamic Republic of)
1209,Agave Landscape and Ancient Industrial Facilities of Tequila,2006,Cultural,Mexico
1211,Genoa: Le Strade Nuove and the system of the Palazzi dei Rolli,2006,Cultural,Italy
1213,Sichuan Giant Panda Sanctuaries - Wolong - Mt Siguniang and Jiajin Mountains,2006,Natural,China
1214,Sewell Mining Town,2006,Cultural,Chile
1215,Cornwall and West Devon Mining Landscape,2006,Cultural,United Kingdom of Great Britain and Northern Ireland
1216,Malpelo Fauna and Flora Sanctuary,2006,Natural,Colombia
1217,Vizcaya Bridge,2006,Cultural,Spain
1220,Bahá’i Holy Places in Haifa and the Western Galilee,2008,Cultural,Israel
1221,Rideau Canal,2007,Cultural,Canada
1222,Bisotun,2006,Cultural,Iran (Islamic Republic of)
1223,Melaka and George Town - Historic Cities of the Straits of Malacca,2008,Cultural,Malaysia
1224,Temple of Preah Vihear,2008,Cultural,Cambodia
1225,Ruins of Loropéni,2009,Cultural,Burkina Faso
1227,Aapravasi Ghat,2006,Cultural,Mauritius
1229,Crac des Chevaliers and Qal’at Salah El-Din,2006,Cultural,Syrian Arab Republic
1230,Sulaiman-Too Sacred Mountain,2009,Cultural,Kyrgyzstan
1231,Sacred Mijikenda Kaya Forests,2008,Cultural,Kenya
1234,Putorana Plateau,2010,Natural,Russian Federation
1236,León Cathedral,2011,Cultural,Nicaragua
1237,The Dolomites,2009,Natural,Italy
1239,Berlin Modernism Housing Estates,2008,Cultural,Germany
1240,Stari Grad Plain,2008,Cultural,Croatia
1242,Parthian Fortresses of Nisa,2007,Cultural,Turkmenistan
1243,Lavaux - Vineyard Terraces,2007,Cultural,Switzerland
1245,San Marino Historic Centre and Mount Titano,2008,Cultural,San Marino
1246,Iwami Ginzan Silver Mine and its Cultural Landscape,2007,Cultural,Japan
1248,South China Karst,2007,Natural,China
1250,Central University City Campus of the Universidad Nacional Autónoma de México (UNAM),2007,Cultural,Mexico
1252,Tajik National Park (Mountains of the Pamirs),2013,Natural,Tajikistan
1253,Gamzigrad-Romuliana - Palace of Galerius,2007,Cultural,Serbia
1255,Twyfelfontein or /Ui-//aes,2007,Cultural,Namibia
1256,Bordeaux - Port of the Moon,2007,Cultural,France
1257,Rainforests of the Atsinanana,2007,Natural,Madagascar
1258,Teide National Park,2007,Natural,Spain
1259,Le Morne Cultural Landscape,2008,Cultural,Mauritius
1260,Mehmed Paša Sokolovi? Bridge in Višegrad,2007,Cultural,Bosnia and Herzegovina
1262,Armenian Monastic Ensembles of Iran,2008,Cultural,Iran (Islamic Republic of)
1263,Socotra Archipelago,2008,Natural,Yemen
1264,Jeju Volcanic Island and Lava Tubes,2007,Natural,Republic of Korea
1265,Richtersveld Cultural and Botanical Landscape,2007,Cultural,South Africa
1267,Surtsey,2008,Natural,Iceland
1268,Historic Centre of Agadez,2013,Cultural,Niger
1269,Sacred City of Caral-Supe,2009,Cultural,Peru
1270,Historic Centre of Camagüey,2008,Cultural,Cuba
1272,São Francisco Square in the Town of São Cristóvão,2010,Cultural,Brazil
1273,Wooden Churches of the Slovak part of the Carpathian Mountain Area,2008,Cultural,Slovakia
1274,Protective town of San Miguel and the Sanctuary of Jesús Nazareno de Atotonilco,2008,Cultural,Mexico
1277,Hiraizumi – Temples - Gardens and Archaeological Sites Representing the Buddhist Pure Land,2011,Cultural,Japan
1278,Historic Monuments and Sites in Kaesong,2013,Cultural,Democratic People's Republic of Korea
1279,Mount Wutai,2009,Cultural,China
1280,Chief Roi Mata’s Domain,2008,Cultural,Vanuatu
1282,Decorated Farmhouses of Hälsingland,2012,Cultural,Sweden
1283,Fortifications of Vauban,2008,Cultural,France
1285,Joggins Fossil Cliffs,2008,Natural,Canada
1287,Mantua and Sabbioneta,2008,Cultural,Italy
1290,Monarch Butterfly Biosphere Reserve,2008,Natural,Mexico
1292,Mount Sanqingshan National Park,2008,Natural,China
1293,Al-Hijr Archaeological Site (Madâin Sâlih),2008,Cultural,Saudi Arabia
1295,Fort Jesus - Mombasa,2011,Cultural,Kenya
1298,Stoclet House,2009,Cultural,Belgium
1299,Lena Pillars Nature Park,2012,Natural,Russian Federation
1302,La Chaux-de-Fonds / Le Locle - Watchmaking Town Planning,2009,Cultural,Switzerland
1303,Pontcysyllte Aqueduct and Canal,2009,Cultural,United Kingdom of Great Britain and Northern Ireland
1305,Historic Monuments of Dengfeng in “The Centre of Heaven and Earth”,2010,Cultural,China
1306,Australian Convict Sites,2010,Cultural,Australia
1310,Cidade Velha - Historic Centre of Ribeira Grande,2009,Cultural,Cabo Verde
1312,Tower of Hercules,2009,Cultural,Spain
1315,Shushtar Historical Hydraulic System,2009,Cultural,Iran (Islamic Republic of)
1317,Pitons - cirques and remparts of Reunion Island,2010,Natural,France
1318,Longobards in Italy. Places of the Power (568-774 A.D.),2011,Cultural,Italy
1319,Royal Tombs of the Joseon Dynasty,2009,Cultural,Republic of Korea
1322,Historic Town of Grand-Bassam,2012,Cultural,Côte d'Ivoire
1324,Historic Villages of Korea: Hahoe and Yangdong,2010,Cultural,Republic of Korea
1325,Phoenix Islands Protected Area,2010,Natural,Kiribati
1326,Papah?naumoku?kea,2010,Mixed,United States of America
1328,Central Sector of the Imperial Citadel of Thang Long - Hanoi,2010,Cultural,Viet Nam
1329,At-Turaif District in ad-Dir'iyah,2010,Cultural,Saudi Arabia
1330,Residence of Bukovinian and Dalmatian Metropolitans,2011,Cultural,Ukraine
1333,Konso Cultural Landscape,2011,Cultural,Ethiopia
1334,West Lake Cultural Landscape of Hangzhou,2011,Cultural,China
1335,China Danxia,2010,Natural,China
1336,Archaeological Sites of the Island of Meroe,2011,Cultural,Sudan
1337,Episcopal City of Albi,2010,Cultural,France
1338,The Jantar Mantar - Jaipur,2010,Cultural,India
1339,Bikini Atoll Nuclear Test Site,2010,Cultural,Marshall Islands
1342,Western Ghats,2012,Natural,India
1343,Cultural Sites of Al Ain (Hafit - Hili - Bidaa Bint Saud and Oases Areas),2011,Cultural,United Arab Emirates
1344,Major Mining Sites of Wallonia,2012,Cultural,Belgium
1345,Sheikh Safi al-din Kh?neg?h and Shrine Ensemble in Ardabil,2010,Cultural,Iran (Islamic Republic of)
1346,Tabriz Historic Bazaar Complex,2010,Cultural,Iran (Islamic Republic of)
1348,Ancient Villages of Northern Syria,2011,Cultural,Syrian Arab Republic
1349,Seventeenth-Century Canal Ring Area of Amsterdam inside the Singelgracht,2010,Cultural,Netherlands
1351,Camino Real de Tierra Adentro,2010,Cultural,Mexico
1352,Prehistoric Caves of Yagul and Mitla in the Central Valley of Oaxaca,2010,Cultural,Mexico
1356,Blue and John Crow Mountains ,2015,Mixed,Jamaica
1358,Citadel of the Ho Dynasty,2011,Cultural,Viet Nam
1359,Saloum Delta,2011,Cultural,Senegal
1360,Nord-Pas de Calais Mining Basin,2012,Cultural,France
1361,Historic Jeddah - the Gate to Makkah,2014,Cultural,Saudi Arabia
1362,Ogasawara Islands,2011,Natural,Japan
1364,Pearling - Testimony of an Island Economy,2012,Cultural,Bahrain
1366,Selimiye Mosque and its Social Complex,2011,Cultural,Turkey
1367,Garrison Border Town of Elvas and its Fortifications,2012,Cultural,Portugal
1368,Fagus Factory in Alfeld,2011,Cultural,Germany
1369,Ningaloo Coast,2011,Natural,Australia
1370,Caves of Maresha and Bet-Guvrin in the Judean Lowlands as a Microcosm of the Land of the Caves,2014,Cultural,Israel
1371,Cultural Landscape of the Serra de Tramuntana,2011,Cultural,Spain
1372,The Persian Garden,2011,Cultural,Iran (Islamic Republic of)
1376,Historic Bridgetown and its Garrison,2011,Cultural,Barbados
1377,Wadi Rum Protected Area,2011,Mixed,Jordan
1379,Margravial Opera House Bayreuth,2012,Cultural,Germany
1382,Petroglyphic Complexes of the Mongolian Altai,2011,Cultural,Mongolia
1386,Rock Islands Southern Lagoon,2012,Mixed,Palau
1387,University of Coimbra – Alta and Sofia,2013,Cultural,Portugal
1388,Chengjiang Fossil Site,2012,Natural,China
1389,Site of Xanadu,2012,Cultural,China
1390,Vineyard Landscape of Piedmont: Langhe-Roero and Monferrato,2014,Cultural,Italy
1393,Sites of Human Evolution at Mount Carmel: The Nahal Me’arot / Wadi el-Mughara Caves,2012,Cultural,Israel
1396,Archaeological Heritage of the Lenggong Valley,2012,Cultural,Malaysia
1397,Masjed-e J?mé of Isfahan  ,2012,Cultural,Iran (Islamic Republic of)
1398,Gonbad-e Q?bus,2012,Cultural,Iran (Islamic Republic of)
1399,Levuka Historical Port Town,2013,Cultural,Fiji
1400,Lakes of Ounianga,2012,Natural,Chad
1401,Rabat - Modern Capital and Historic City: a Shared Heritage,2012,Cultural,Morocco
1402,Al Zubarah Archaeological Site,2013,Cultural,Qatar
1403,Mount Hamiguitan Range Wildlife Sanctuary,2014,Natural,Philippines
1404,Landscape of Grand Pré,2012,Cultural,Canada
1405,Neolithic Site of Çatalhöyük,2012,Cultural,Turkey
1406,Great Himalayan National Park Conservation Area,2014,Natural,India
1407,Bassari Country: Bassari - Fula and Bedik Cultural Landscapes,2012,Cultural,Senegal
1410,El Pinacate and Gran Desierto de Altar Biosphere Reserve,2013,Natural,Mexico
1411,Ancient City of Tauric Chersonese and its Chora,2013,Cultural,Ukraine
1412,Red Bay Basque Whaling Station,2013,Cultural,Canada
1413,Bergpark Wilhelmshöhe,2013,Cultural,Germany
1414,Xinjiang Tianshan,2013,Natural,China
1416,Stevns Klint,2014,Natural,Denmark
1418,Fujisan - sacred place and source of artistic inspiration,2013,Cultural,Japan
1422,Golestan Palace,2013,Cultural,Iran (Islamic Republic of)
1423,Cultural Landscape of Maymand,2015,Cultural,Iran (Islamic Republic of)
1425,The Climats - terroirs of Burgundy,2015,Cultural,France
1426,Decorated Cave of Pont d’Arc - known as Grotte Chauvet-Pont d’Arc - Ardèche,2014,Cultural,France
1427,Mount Etna,2013,Natural,Italy
1430,Namib Sand Sea,2013,Natural,Namibia
1432,Okavango Delta,2014,Natural,Botswana
1433,Birthplace of Jesus: Church of the Nativity and the Pilgrimage Route - Bethlehem,2012,Cultural,Palestine
1435,Monumental Earthworks of Poverty Point,2014,Cultural,United States of America
1437,Erbil Citadel,2014,Cultural,Iraq
1438,Trang An Landscape Complex,2014,Mixed,Viet Nam
1439,Namhansanseong,2014,Cultural,Republic of Korea
1440,Great Burkhan Khaldun Mountain and its surrounding sacred landscape,2015,Cultural,Mongolia
1441,Van Nellefabriek,2014,Cultural,Netherlands
1443,The Grand Canal,2014,Cultural,China
1444,Pyu Ancient Cities,2014,Cultural,Myanmar
1446,Baptism Site “Bethany Beyond the Jordan” (Al-Maghtas),2015,Cultural,Jordan
1447,Carolingian Westwork and Civitas Corvey,2014,Cultural,Germany
1449,Tomioka Silk Mill and Related Sites,2014,Cultural,Japan
1452,Bursa and Cumal?k?z?k: the Birth of the Ottoman Empire,2014,Cultural,Turkey
1453,Precolumbian Chiefdom Settlements with Stone Spheres of the Diquís,2014,Cultural,Costa Rica
1455,Susa,2015,Cultural,Iran (Islamic Republic of)
1456,Shahr-i Sokhta,2014,Cultural,Iran (Islamic Republic of)
1457,Pergamon and its Multi-Layered Cultural Landscape,2014,Cultural,Turkey
1463,Aqueduct of Padre Tembleque Hydraulic System,2015,Cultural,Mexico
1464,Fray Bentos Industrial Landscape,2015,Cultural,Uruguay
1465,Champagne Hillsides - Houses and Cellars,2015,Cultural,France
1466,San Antonio Missions,2015,Cultural,United States of America
1467,Speicherstadt and Kontorhaus District with Chilehaus,2015,Cultural,Germany
1468,Christiansfeld - a Moravian Church Settlement,2015,Cultural,Denmark
1469,The par force hunting landscape in North Zealand,2015,Cultural,Denmark
1471,Necropolis of Bet She’arim: A Landmark of Jewish Renewal,2015,Cultural,Israel
1472,Rock Art in the Hail Region of Saudi Arabia,2015,Cultural,Saudi Arabia
1474,Tusi Sites,2015,Cultural,China
1475,Ennedi Massif: Natural and Cultural Landscape,2016,Mixed,Chad
1477,Baekje Historic Areas,2015,Cultural,Republic of Korea
1481,The Ahwar of Southern Iraq: Refuge of Biodiversity and the Relict Landscape of the Mesopotamian Cities,2016,Mixed,Iraq
1483,Singapore Botanic Gardens,2015,Cultural,Singapore
1484,Sites of Japan’s Meiji Industrial Revolution: Iron and Steel - Shipbuilding and Coal Mining,2015,Cultural,Japan
1485,The Forth Bridge,2015,Cultural,United Kingdom of Great Britain and Northern Ireland
1486,Rjukan-Notodden Industrial Heritage Site,2015,Cultural,Norway
1487,Arab-Norman Palermo and the Cathedral Churches of Cefalú and Monreale,2015,Cultural,Italy
1488,Diyarbak?r Fortress and Hevsel Gardens Cultural Landscape,2015,Cultural,Turkey
1492,Palestine: Land of Olives and Vines – Cultural Landscape of Southern Jerusalem - Battir,2014,Cultural,Palestine
1493,Pampulha Modern Ensemble,2016,Cultural,Brazil
1497,Mistaken Point,2016,Natural,Canada
1499,Antigua Naval Dockyard and Related Archaeological Sites,2016,Cultural,Antigua and Barbuda
1500,Gorham's Cave Complex,2016,Cultural,United Kingdom of Great Britain and Northern Ireland
1501,Antequera Dolmens Site,2016,Cultural,Spain
1502,Archaeological Site of Nalanda <i>Mahavihara</i> (Nalanda University) at Nalanda - Bihar,2016,Cultural,India
1503,Nan Madol: Ceremonial Centre of Eastern Micronesia,2016,Cultural,Micronesia (Federated States of)
1505,Lut Desert,2016,Natural,Iran (Islamic Republic of)
1506,The Persian Qanat,2016,Cultural,Iran (Islamic Republic of)
1508,Zuojiang Huashan Rock Art Cultural Landscape,2016,Cultural,China
1509,Hubei Shennongjia,2016,Natural,China
1510,Archipiélago de Revillagigedo,2016,Natural,Mexico
1511,Mbanza Kongo - Vestiges of the Capital of the former Kingdom of Kongo,2017,Cultural,Angola
1513,Khangchendzonga National Park,2016,Mixed,India
1517,Archaeological Site of Philippi,2016,Cultural,Greece
1518,Archaeological Site of Ani,2016,Cultural,Turkey
1519,Aphrodisias,2017,Cultural,Turkey
1525,Assumption Cathedral and Monastery of the town-island of Sviyazhsk,2017,Cultural,Russian Federation
1526,Los Alerces National Park,2017,Natural,Argentina
1527,Caves and Ice Age Art in the Swabian Jura,2017,Cultural,Germany
1529,Taputapu?tea,2017,Cultural,France
1532,Temple Zone of Sambor Prei Kuk - Archaeological Site of Ancient Ishanapura,2017,Cultural,Cambodia
1535,Sacred Island of Okinoshima and Associated Sites in the Munakata Region ,2017,Cultural,Japan
1536,Kujataa Greenland: Norse and Inuit Farming at the Edge of the Ice Cap,2017,Cultural,Denmark
1539,Tarnowskie Góry Lead-Silver-Zinc Mine and its Underground Water Management System,2017,Cultural,Poland
1540,Qinghai Hoh Xil,2017,Natural,China
1541,Kulangsu - a Historic International Settlement,2017,Cultural,China
1544,Historic City of Yazd,2017,Cultural,Iran (Islamic Republic of)
1545,?Khomani Cultural Landscape,2017,Cultural,South Africa
1548,Valongo Wharf Archaeological Site,2017,Cultural,Brazil
1550,Asmara: a Modernist City of Africa,2017,Cultural,Eritrea
1551,Historic City of Ahmadabad,2017,Cultural,India
1565,Hebron/Al-Khalil Old Town,2017,Cultural,Palestine
